\xEF\xBB\xBFDate,Day,Day_zh,DayTitle,DayTitle_zh,DayHighlight,DayHighlight_zh,DayTips,DayTips_zh,Time,Activity,Activity_zh,Location,Location_zh,Icon,Link,LinkLabel,MapLink
2025-12-26,Day 1,ç¬¬ä¸€å¤©,Arrival in Fukuoka ğŸ›¬,æŠµé”ç¦å²¡ ğŸ›¬,First taste of Hakata!,åˆåšåšå¤šç¾é£Ÿ!,ğŸ’¡ Get SUGOCA IC card at airport. Subway to Hakata (5 min Â¥260).,ğŸ’¡ åœ¨æ©Ÿå ´è²· SUGOCA ICå¡ æ­åœ°éµåˆ°åšå¤šç«™ï¼ˆ5åˆ†é˜ Â¥260ï¼‰,13:00,Arrive at Fukuoka Airport,æŠµé”ç¦å²¡æ©Ÿå ´,Fukuoka Airport International Terminal,ç¦å²¡æ©Ÿå ´åœ‹éš›èˆªå»ˆ,plane,https://www.fukuoka-airport.jp/en/,Airport Info,https://maps.google.com/?q=Fukuoka+Airport+International+Terminal
2025-12-26,Day 1,ç¬¬ä¸€å¤©,Arrival in Fukuoka ğŸ›¬,æŠµé”ç¦å²¡ ğŸ›¬,First taste of Hakata!,åˆåšåšå¤šç¾é£Ÿ!,ğŸ’¡ Get SUGOCA IC card at airport. Subway to Hakata (5 min Â¥260).,ğŸ’¡ åœ¨æ©Ÿå ´è²· SUGOCA ICå¡ æ­åœ°éµåˆ°åšå¤šç«™ï¼ˆ5åˆ†é˜ Â¥260ï¼‰,14:30,Lunch: Makino Udon,åˆé¤ï¼šç‰§ã®ã†ã©ã‚“,Hakata Bus Terminal B1F,åšå¤šãƒã‚¹ã‚¿ãƒ¼ãƒŸãƒŠãƒ« B1F,food,https://tabelog.com/fukuoka/A4001/A400101/40042204/,Tabelog 3.52â˜…,https://maps.google.com/?q=ç‰§ã®ã†ã©ã‚“+åšå¤šãƒã‚¹ã‚¿ãƒ¼ãƒŸãƒŠãƒ«
2025-12-26,Day 1,ç¬¬ä¸€å¤©,Arrival in Fukuoka ğŸ›¬,æŠµé”ç¦å²¡ ğŸ›¬,First taste of Hakata!,åˆåšåšå¤šç¾é£Ÿ!,ğŸ’¡ Get SUGOCA IC card at airport. Subway to Hakata (5 min Â¥260).,ğŸ’¡ åœ¨æ©Ÿå ´è²· SUGOCA ICå¡ æ­åœ°éµåˆ°åšå¤šç«™ï¼ˆ5åˆ†é˜ Â¥260ï¼‰,16:00,Hotel Check-in & Rest,é£¯åº—å…¥ä½ & ä¼‘æ¯,Hotel Near Hakata/Nakasu,åšå¤š/ä¸­æ´²é™„è¿‘é£¯åº—,hotel,,,
2025-12-26,Day 1,ç¬¬ä¸€å¤©,Arrival in Fukuoka ğŸ›¬,æŠµé”ç¦å²¡ ğŸ›¬,First taste of Hakata!,åˆåšåšå¤šç¾é£Ÿ!,ğŸ’¡ Get SUGOCA IC card at airport. Subway to Hakata (5 min Â¥260).,ğŸ’¡ åœ¨æ©Ÿå ´è²· SUGOCA ICå¡ æ­åœ°éµåˆ°åšå¤šç«™ï¼ˆ5åˆ†é˜ Â¥260ï¼‰,18:30,Dinner: Motsunabe Ichifuji,æ™šé¤ï¼šã‚‚ã¤é‹ä¸€è—¤ï¼ˆç‰›è…¸é‹ï¼‰,Imaizumi Main Branch,ä»Šæ³‰æœ¬åº—,food,https://tabelog.com/fukuoka/A4001/A400103/40006532/,Tabelog 3.46â˜…,https://maps.google.com/?q=ã‚‚ã¤é‹ä¸€è—¤+ä»Šæ³‰æœ¬åº—
2025-12-26,Day 1,ç¬¬ä¸€å¤©,Arrival in Fukuoka ğŸ›¬,æŠµé”ç¦å²¡ ğŸ›¬,First taste of Hakata!,åˆåšåšå¤šç¾é£Ÿ!,ğŸ’¡ Get SUGOCA IC card at airport. Subway to Hakata (5 min Â¥260).,ğŸ’¡ åœ¨æ©Ÿå ´è²· SUGOCA ICå¡ æ­åœ°éµåˆ°åšå¤šç«™ï¼ˆ5åˆ†é˜ Â¥260ï¼‰,21:00,Nakasu Yatai Stroll,ä¸­æ´²å±‹å°æ•£æ­¥,Nakasu Riverside,ä¸­æ´²æ²³ç•”,walk,https://yokanavi.com/en/yatai/,Yatai Guide,https://maps.google.com/?q=Nakasu+Yatai+Fukuoka
2025-12-27,Day 2,ç¬¬äºŒå¤©,Kumamoto Adventure ğŸ¯,ç†Šæœ¬æ¢éšª ğŸ¯,Castle & horse meat!,åŸå ¡ & é¦¬è‚‰æ–™ç†!,ğŸ’¡ Shinkansen: Hakataâ†’Kumamoto (33 min Â¥5130). Taxi to castle.,ğŸ’¡ æ–°å¹¹ç·šï¼šåšå¤šâ†’ç†Šæœ¬ï¼ˆ33åˆ†é˜ Â¥5130ï¼‰ æ­è¨ˆç¨‹è»Šåˆ°åŸå ¡,09:00,Shinkansen to Kumamoto,æ­æ–°å¹¹ç·šå‰å¾€ç†Šæœ¬,Hakata Station â†’ Kumamoto Station,åšå¤šç«™ â†’ ç†Šæœ¬ç«™,train,https://www.jrkyushu.co.jp/english/,JR Kyushu,https://maps.google.com/?q=Hakata+Station
2025-12-27,Day 2,ç¬¬äºŒå¤©,Kumamoto Adventure ğŸ¯,ç†Šæœ¬æ¢éšª ğŸ¯,Castle & horse meat!,åŸå ¡ & é¦¬è‚‰æ–™ç†!,ğŸ’¡ Shinkansen: Hakataâ†’Kumamoto (33 min Â¥5130). Taxi to castle.,ğŸ’¡ æ–°å¹¹ç·šï¼šåšå¤šâ†’ç†Šæœ¬ï¼ˆ33åˆ†é˜ Â¥5130ï¼‰ æ­è¨ˆç¨‹è»Šåˆ°åŸå ¡,10:00,Drop bags at hotel,å¯„æ”¾è¡Œæåˆ°é£¯åº—,Kumamoto Station Area,ç†Šæœ¬ç«™å‘¨é‚Š,hotel,,,https://maps.google.com/?q=Kumamoto+Station
2025-12-27,Day 2,ç¬¬äºŒå¤©,Kumamoto Adventure ğŸ¯,ç†Šæœ¬æ¢éšª ğŸ¯,Castle & horse meat!,åŸå ¡ & é¦¬è‚‰æ–™ç†!,ğŸ’¡ Shinkansen: Hakataâ†’Kumamoto (33 min Â¥5130). Taxi to castle.,ğŸ’¡ æ–°å¹¹ç·šï¼šåšå¤šâ†’ç†Šæœ¬ï¼ˆ33åˆ†é˜ Â¥5130ï¼‰ æ­è¨ˆç¨‹è»Šåˆ°åŸå ¡,12:00,Lunch: Katsuretsu Tei (Pork Cutlet),åˆé¤ï¼šå‹çƒˆäº­ï¼ˆç‚¸è±¬æ’ï¼‰,Shinshigai Main Branch,æ–°å¸‚è¡—æœ¬åº—,food,https://tabelog.com/kumamoto/A4301/A430101/43000307/,Tabelog 3.72â˜…,https://maps.google.com/?q=å‹çƒˆäº­+æ–°å¸‚è¡—æœ¬åº—+ç†Šæœ¬
2025-12-27,Day 2,ç¬¬äºŒå¤©,Kumamoto Adventure ğŸ¯,ç†Šæœ¬æ¢éšª ğŸ¯,Castle & horse meat!,åŸå ¡ & é¦¬è‚‰æ–™ç†!,ğŸ’¡ Shinkansen: Hakataâ†’Kumamoto (33 min Â¥5130). Taxi to castle.,ğŸ’¡ æ–°å¹¹ç·šï¼šåšå¤šâ†’ç†Šæœ¬ï¼ˆ33åˆ†é˜ Â¥5130ï¼‰ æ­è¨ˆç¨‹è»Šåˆ°åŸå ¡,14:00,Kumamoto Castle,ç†Šæœ¬åŸ,Kumamoto Castle Area,ç†Šæœ¬åŸå€åŸŸ,castle,https://castle.kumamoto-guide.jp/en/,Castle Info,https://maps.google.com/?q=Kumamoto+Castle
2025-12-27,Day 2,ç¬¬äºŒå¤©,Kumamoto Adventure ğŸ¯,ç†Šæœ¬æ¢éšª ğŸ¯,Castle & horse meat!,åŸå ¡ & é¦¬è‚‰æ–™ç†!,ğŸ’¡ Shinkansen: Hakataâ†’Kumamoto (33 min Â¥5130). Taxi to castle.,ğŸ’¡ æ–°å¹¹ç·šï¼šåšå¤šâ†’ç†Šæœ¬ï¼ˆ33åˆ†é˜ Â¥5130ï¼‰ æ­è¨ˆç¨‹è»Šåˆ°åŸå ¡,18:30,Dinner: Suganoya (Horse Meat),æ™šé¤ï¼šè…ä¹ƒå±‹ï¼ˆé¦¬åˆºèº«ï¼‰,Ginzadori Branch,éŠ€åº§é€šã‚Šåº—,food,https://tabelog.com/kumamoto/A4301/A430101/43016177/,Tabelog 3.49â˜…,https://maps.google.com/?q=è…ä¹ƒå±‹+éŠ€åº§é€šã‚Šåº—+ç†Šæœ¬
2025-12-27,Day 2,ç¬¬äºŒå¤©,Kumamoto Adventure ğŸ¯,ç†Šæœ¬æ¢éšª ğŸ¯,Castle & horse meat!,åŸå ¡ & é¦¬è‚‰æ–™ç†!,ğŸ’¡ Shinkansen: Hakataâ†’Kumamoto (33 min Â¥5130). Taxi to castle.,ğŸ’¡ æ–°å¹¹ç·šï¼šåšå¤šâ†’ç†Šæœ¬ï¼ˆ33åˆ†é˜ Â¥5130ï¼‰ æ­è¨ˆç¨‹è»Šåˆ°åŸå ¡,21:00,Rest at hotel,å›é£¯åº—ä¼‘æ¯,Kumamoto Hotel,ç†Šæœ¬é£¯åº—,hotel,,,
2025-12-28,Day 3,ç¬¬ä¸‰å¤©,Gardens & Return ğŸŒ¿,åº­åœ’ & è¿”å›ç¦å²¡ ğŸŒ¿,Meet Kumamon!,è¦‹ç†Šæœ¬ç†Š!,ğŸ’¡ Taxi to Suizenji Garden (10 min). Kumamon Square is FREE!,ğŸ’¡ æ­è¨ˆç¨‹è»Šåˆ°æ°´å‰å¯ºï¼ˆ10åˆ†é˜ï¼‰ ç†Šæœ¬ç†Šå»£å ´å…è²»ï¼,09:30,Suizenji Garden,æ°´å‰å¯ºæˆè¶£åœ’,Suizenji Park (Taxi 10 min),æ°´å‰å¯ºå…¬åœ’ï¼ˆè¨ˆç¨‹è»Š10åˆ†é˜ï¼‰,park,https://www.suizenji.or.jp/,Garden Info,https://maps.google.com/?q=Suizenji+Jojuen+Garden
2025-12-28,Day 3,ç¬¬ä¸‰å¤©,Gardens & Return ğŸŒ¿,åº­åœ’ & è¿”å›ç¦å²¡ ğŸŒ¿,Meet Kumamon!,è¦‹ç†Šæœ¬ç†Š!,ğŸ’¡ Taxi to Suizenji Garden (10 min). Kumamon Square is FREE!,ğŸ’¡ æ­è¨ˆç¨‹è»Šåˆ°æ°´å‰å¯ºï¼ˆ10åˆ†é˜ï¼‰ ç†Šæœ¬ç†Šå»£å ´å…è²»ï¼,12:00,Lunch: Kokutei Ramen,åˆé¤ï¼šé»’äº­æ‹‰éºµ,Main Branch (Near Kumamoto Sta),æœ¬åº—ï¼ˆç†Šæœ¬ç«™é™„è¿‘ï¼‰,food,https://tabelog.com/kumamoto/A4301/A430101/43000091/,Tabelog 3.67â˜…,https://maps.google.com/?q=é»’äº­+æœ¬åº—+ç†Šæœ¬
2025-12-28,Day 3,ç¬¬ä¸‰å¤©,Gardens & Return ğŸŒ¿,åº­åœ’ & è¿”å›ç¦å²¡ ğŸŒ¿,Meet Kumamon!,è¦‹ç†Šæœ¬ç†Š!,ğŸ’¡ Taxi to Suizenji Garden (10 min). Kumamon Square is FREE!,ğŸ’¡ æ­è¨ˆç¨‹è»Šåˆ°æ°´å‰å¯ºï¼ˆ10åˆ†é˜ï¼‰ ç†Šæœ¬ç†Šå»£å ´å…è²»ï¼,14:00,Kumamon Square,ç†Šæœ¬ç†Šå»£å ´,Tetoria Kumamoto Building 1F,é¶´å±‹ç™¾è²¨æ±é¤¨1F,camera,https://kumamon-sq.jp/,Kumamon Sq,https://maps.google.com/?q=Kumamon+Square+Kumamoto
2025-12-28,Day 3,ç¬¬ä¸‰å¤©,Gardens & Return ğŸŒ¿,åº­åœ’ & è¿”å›ç¦å²¡ ğŸŒ¿,Meet Kumamon!,è¦‹ç†Šæœ¬ç†Š!,ğŸ’¡ Taxi to Suizenji Garden (10 min). Kumamon Square is FREE!,ğŸ’¡ æ­è¨ˆç¨‹è»Šåˆ°æ°´å‰å¯ºï¼ˆ10åˆ†é˜ï¼‰ ç†Šæœ¬ç†Šå»£å ´å…è²»ï¼,16:00,Shinkansen back to Fukuoka,æ­æ–°å¹¹ç·šè¿”å›ç¦å²¡,Kumamoto Station â†’ Hakata Station,ç†Šæœ¬ç«™ â†’ åšå¤šç«™,train,,,https://maps.google.com/?q=Kumamoto+Station
2025-12-28,Day 3,ç¬¬ä¸‰å¤©,Gardens & Return ğŸŒ¿,åº­åœ’ & è¿”å›ç¦å²¡ ğŸŒ¿,Meet Kumamon!,è¦‹ç†Šæœ¬ç†Š!,ğŸ’¡ Taxi to Suizenji Garden (10 min). Kumamon Square is FREE!,ğŸ’¡ æ­è¨ˆç¨‹è»Šåˆ°æ°´å‰å¯ºï¼ˆ10åˆ†é˜ï¼‰ ç†Šæœ¬ç†Šå»£å ´å…è²»ï¼,19:00,Dinner: Hanamidori (Chicken Hotpot),æ™šé¤ï¼šè¯å‘³é³¥ï¼ˆé›è‚‰æ°´ç‚Šé‹ï¼‰,Gion Branch,ç¥‡åœ’åº—,food,https://tabelog.com/fukuoka/A4001/A400101/40002057/,Tabelog 3.53â˜…,https://maps.google.com/?q=åšå¤šè¯å‘³é³¥+ç¥‡åœ’åº—
2025-12-29,Day 4,ç¬¬å››å¤©,Yanagawa Boat ğŸš£,æŸ³å·éŠèˆ¹ ğŸš£,Kotatsu boat ride!,æš–æ¡Œèˆ¹è¶…èˆ’æœ!,ğŸ’¡ Nishitetsu train to Yanagawa (50 min). NO EEL â†’ get udon!,ğŸ’¡ è¥¿éµé›»è»Šåˆ°æŸ³å·ï¼ˆ50åˆ†é˜ï¼‰ ä¸åƒé°»é­š â†’ æ”¹åƒçƒé¾éºµï¼,09:00,Nishitetsu train to Yanagawa,æ­è¥¿éµé›»è»Šåˆ°æŸ³å·,Tenjin Station â†’ Yanagawa,å¤©ç¥ç«™ â†’ æŸ³å·,train,https://www.nishitetsu.jp/en/,Nishitetsu,https://maps.google.com/?q=Nishitetsu+Fukuoka+Tenjin+Station
2025-12-29,Day 4,ç¬¬å››å¤©,Yanagawa Boat ğŸš£,æŸ³å·éŠèˆ¹ ğŸš£,Kotatsu boat ride!,æš–æ¡Œèˆ¹è¶…èˆ’æœ!,ğŸ’¡ Nishitetsu train to Yanagawa (50 min). NO EEL â†’ get udon!,ğŸ’¡ è¥¿éµé›»è»Šåˆ°æŸ³å·ï¼ˆ50åˆ†é˜ï¼‰ ä¸åƒé°»é­š â†’ æ”¹åƒçƒé¾éºµï¼,10:30,Yanagawa River Cruise (Kotatsu Boat),æŸ³å·éŠèˆ¹ï¼ˆæš–æ¡Œèˆ¹ï¼‰,Yanagawa Boat Pier,æŸ³å·ä¹˜èˆ¹è™•,boat,https://www.yanagawa-net.com/en/,Boat Info,https://maps.google.com/?q=Yanagawa+River+Boat+Cruise
2025-12-29,Day 4,ç¬¬å››å¤©,Yanagawa Boat ğŸš£,æŸ³å·éŠèˆ¹ ğŸš£,Kotatsu boat ride!,æš–æ¡Œèˆ¹è¶…èˆ’æœ!,ğŸ’¡ Nishitetsu train to Yanagawa (50 min). NO EEL â†’ get udon!,ğŸ’¡ è¥¿éµé›»è»Šåˆ°æŸ³å·ï¼ˆ50åˆ†é˜ï¼‰ ä¸åƒé°»é­š â†’ æ”¹åƒçƒé¾éºµï¼,12:30,Lunch: Local Udon (No Eel!),åˆé¤ï¼šæŸ³å·çƒé¾éºµï¼ˆä¸æ˜¯é°»é­šï¼ï¼‰,Yanagawa Town,æŸ³å·å¸‚å€,food,,,https://maps.google.com/?q=æŸ³å·+ã†ã©ã‚“
2025-12-29,Day 4,ç¬¬å››å¤©,Yanagawa Boat ğŸš£,æŸ³å·éŠèˆ¹ ğŸš£,Kotatsu boat ride!,æš–æ¡Œèˆ¹è¶…èˆ’æœ!,ğŸ’¡ Nishitetsu train to Yanagawa (50 min). NO EEL â†’ get udon!,ğŸ’¡ è¥¿éµé›»è»Šåˆ°æŸ³å·ï¼ˆ50åˆ†é˜ï¼‰ ä¸åƒé°»é­š â†’ æ”¹åƒçƒé¾éºµï¼,15:00,Dazaifu Tenmangu Shrine,å¤ªå®°åºœå¤©æ»¿å®®,Dazaifu City,å¤ªå®°åºœå¸‚,shrine,https://www.dazaifutenmangu.or.jp/en/,Shrine Info,https://maps.google.com/?q=Dazaifu+Tenmangu+Shrine
2025-12-29,Day 4,ç¬¬å››å¤©,Yanagawa Boat ğŸš£,æŸ³å·éŠèˆ¹ ğŸš£,Kotatsu boat ride!,æš–æ¡Œèˆ¹è¶…èˆ’æœ!,ğŸ’¡ Nishitetsu train to Yanagawa (50 min). NO EEL â†’ get udon!,ğŸ’¡ è¥¿éµé›»è»Šåˆ°æŸ³å·ï¼ˆ50åˆ†é˜ï¼‰ ä¸åƒé°»é­š â†’ æ”¹åƒçƒé¾éºµï¼,17:30,Return to Fukuoka,è¿”å›ç¦å²¡,Dazaifu â†’ Tenjin,å¤ªå®°åºœ â†’ å¤©ç¥,train,,,https://maps.google.com/?q=Dazaifu+Station
2025-12-29,Day 4,ç¬¬å››å¤©,Yanagawa Boat ğŸš£,æŸ³å·éŠèˆ¹ ğŸš£,Kotatsu boat ride!,æš–æ¡Œèˆ¹è¶…èˆ’æœ!,ğŸ’¡ Nishitetsu train to Yanagawa (50 min). NO EEL â†’ get udon!,ğŸ’¡ è¥¿éµé›»è»Šåˆ°æŸ³å·ï¼ˆ50åˆ†é˜ï¼‰ ä¸åƒé°»é­š â†’ æ”¹åƒçƒé¾éºµï¼,19:00,Dinner: Tenjin Horumon (Yakiniku),æ™šé¤ï¼šå¤©ç¥ãƒ›ãƒ«ãƒ¢ãƒ³ï¼ˆç‡’è‚‰ï¼‰,Tenjin Area,å¤©ç¥å€åŸŸ,food,https://tabelog.com/fukuoka/A4001/A400103/40019737/,Tabelog 3.52â˜…,https://maps.google.com/?q=å¤©ç¥ãƒ›ãƒ«ãƒ¢ãƒ³+ç¦å²¡
2025-12-30,Day 5,ç¬¬äº”å¤©,Mojiko Retro ğŸš‚,é–€å¸æ¸¯æ‡·èˆŠ ğŸš‚,Fresh sushi!,æ–°é®®å£½å¸!,ğŸ’¡ JR to Mojiko (90 min). Karato Market best before 11am!,ğŸ’¡ JRåˆ°é–€å¸æ¸¯ï¼ˆ90åˆ†é˜ï¼‰ å”æˆ¶å¸‚å ´æœ€å¥½11é»å‰å»ï¼,08:00,JR train to Kokura then Mojiko,JRé›»è»Šåˆ°å°å€‰ å†è½‰é–€å¸æ¸¯,Hakata â†’ Kokura â†’ Mojiko,åšå¤š â†’ å°å€‰ â†’ é–€å¸æ¸¯,train,,,https://maps.google.com/?q=Hakata+Station
2025-12-30,Day 5,ç¬¬äº”å¤©,Mojiko Retro ğŸš‚,é–€å¸æ¸¯æ‡·èˆŠ ğŸš‚,Fresh sushi!,æ–°é®®å£½å¸!,ğŸ’¡ JR to Mojiko (90 min). Karato Market best before 11am!,ğŸ’¡ JRåˆ°é–€å¸æ¸¯ï¼ˆ90åˆ†é˜ï¼‰ å”æˆ¶å¸‚å ´æœ€å¥½11é»å‰å»ï¼,10:00,Karato Market (Fresh Sushi),å”æˆ¶å¸‚å ´ï¼ˆæ–°é®®å£½å¸ï¼‰,Shimonoseki (5 min ferry),ä¸‹é—œï¼ˆæ¸¡è¼ª5åˆ†é˜ï¼‰,food,https://tabelog.com/yamaguchi/A3502/A350201/35000493/,Tabelog 3.55â˜…,https://maps.google.com/?q=Karato+Market+Shimonoseki
2025-12-30,Day 5,ç¬¬äº”å¤©,Mojiko Retro ğŸš‚,é–€å¸æ¸¯æ‡·èˆŠ ğŸš‚,Fresh sushi!,æ–°é®®å£½å¸!,ğŸ’¡ JR to Mojiko (90 min). Karato Market best before 11am!,ğŸ’¡ JRåˆ°é–€å¸æ¸¯ï¼ˆ90åˆ†é˜ï¼‰ å”æˆ¶å¸‚å ´æœ€å¥½11é»å‰å»ï¼,12:30,Mojiko Retro District,é–€å¸æ¸¯æ‡·èˆŠå€,Mojiko Port Area,é–€å¸æ¸¯å€åŸŸ,camera,https://www.mojiko.info/en/,Mojiko Info,https://maps.google.com/?q=Mojiko+Retro
2025-12-30,Day 5,ç¬¬äº”å¤©,Mojiko Retro ğŸš‚,é–€å¸æ¸¯æ‡·èˆŠ ğŸš‚,Fresh sushi!,æ–°é®®å£½å¸!,ğŸ’¡ JR to Mojiko (90 min). Karato Market best before 11am!,ğŸ’¡ JRåˆ°é–€å¸æ¸¯ï¼ˆ90åˆ†é˜ï¼‰ å”æˆ¶å¸‚å ´æœ€å¥½11é»å‰å»ï¼,14:00,Mojiko Observation Deck,é–€å¸æ¸¯å±•æœ›å°,Mojiko Retro Highmart,é–€å¸æ¸¯æ‡·èˆŠé«˜å±¤å¤§æ¨“,camera,,,https://maps.google.com/?q=é–€å¸æ¸¯ãƒ¬ãƒˆãƒ­å±•æœ›å®¤
2025-12-30,Day 5,ç¬¬äº”å¤©,Mojiko Retro ğŸš‚,é–€å¸æ¸¯æ‡·èˆŠ ğŸš‚,Fresh sushi!,æ–°é®®å£½å¸!,ğŸ’¡ JR to Mojiko (90 min). Karato Market best before 11am!,ğŸ’¡ JRåˆ°é–€å¸æ¸¯ï¼ˆ90åˆ†é˜ï¼‰ å”æˆ¶å¸‚å ´æœ€å¥½11é»å‰å»ï¼,17:00,Return to Fukuoka,è¿”å›ç¦å²¡,Mojiko â†’ Hakata,é–€å¸æ¸¯ â†’ åšå¤š,train,,,https://maps.google.com/?q=Mojiko+Station
2025-12-30,Day 5,ç¬¬äº”å¤©,Mojiko Retro ğŸš‚,é–€å¸æ¸¯æ‡·èˆŠ ğŸš‚,Fresh sushi!,æ–°é®®å£½å¸!,ğŸ’¡ JR to Mojiko (90 min). Karato Market best before 11am!,ğŸ’¡ JRåˆ°é–€å¸æ¸¯ï¼ˆ90åˆ†é˜ï¼‰ å”æˆ¶å¸‚å ´æœ€å¥½11é»å‰å»ï¼,19:00,Dinner: Hakata Gion Tetsunabe,æ™šé¤ï¼šåšå¤šç¥‡åœ’é‰„ãªã¹,Gion Area,ç¥‡åœ’å€åŸŸ,food,https://tabelog.com/fukuoka/A4001/A400101/40000176/,Tabelog 3.55â˜…,https://maps.google.com/?q=åšå¤šç¥‡åœ’é‰„ãªã¹
2025-12-31,Day 6,ç¬¬å…­å¤©,NYE ğŸ†,è·¨å¹´å¤œ ğŸ†,Countdown!,å€’æ•¸!,ğŸ’¡ MUST reserve Nikuichi! Shrine crowded after 23:30.,ğŸ’¡ è‚‰ä¸€ä¸€å®šè¦é ç´„ï¼ç¥ç¤¾23:30å¾Œå¾ˆæ“ ,10:00,Canal City Shopping,åšå¤šé‹æ²³åŸè³¼ç‰©,Canal City Hakata,åšå¤šé‹æ²³åŸ,shopping,https://canalcity.co.jp/en,Canal City,https://maps.google.com/?q=Canal+City+Hakata
2025-12-31,Day 6,ç¬¬å…­å¤©,NYE ğŸ†,è·¨å¹´å¤œ ğŸ†,Countdown!,å€’æ•¸!,ğŸ’¡ MUST reserve Nikuichi! Shrine crowded after 23:30.,ğŸ’¡ è‚‰ä¸€ä¸€å®šè¦é ç´„ï¼ç¥ç¤¾23:30å¾Œå¾ˆæ“ ,13:00,Lunch at Canal City,åˆé¤ï¼šé‹æ²³åŸ,Canal City Food Court,é‹æ²³åŸç¾é£Ÿè¡—,food,,,https://maps.google.com/?q=Canal+City+Hakata
2025-12-31,Day 6,ç¬¬å…­å¤©,NYE ğŸ†,è·¨å¹´å¤œ ğŸ†,Countdown!,å€’æ•¸!,ğŸ’¡ MUST reserve Nikuichi! Shrine crowded after 23:30.,ğŸ’¡ è‚‰ä¸€ä¸€å®šè¦é ç´„ï¼ç¥ç¤¾23:30å¾Œå¾ˆæ“ ,15:00,Ohori Park,å¤§æ¿ å…¬åœ’,Ohori Park,å¤§æ¿ å…¬åœ’,park,https://www.ohorikouen.jp/,Park Info,https://maps.google.com/?q=Ohori+Park+Fukuoka
2025-12-31,Day 6,ç¬¬å…­å¤©,NYE ğŸ†,è·¨å¹´å¤œ ğŸ†,Countdown!,å€’æ•¸!,ğŸ’¡ MUST reserve Nikuichi! Shrine crowded after 23:30.,ğŸ’¡ è‚‰ä¸€ä¸€å®šè¦é ç´„ï¼ç¥ç¤¾23:30å¾Œå¾ˆæ“ ,18:00,Dinner: Nikuichi Wagyu (RESERVED),æ™šé¤ï¼šè‚‰ä¸€å’Œç‰›ç‡’è‚‰ï¼ˆå·²é ç´„ï¼‰,Tenjin Area,å¤©ç¥å€åŸŸ,food,https://tabelog.com/fukuoka/A4001/A400103/40041477/,Tabelog 3.68â˜…,https://maps.google.com/?q=ç„¼è‚‰+è‚‰ä¸€+å¤©ç¥
2025-12-31,Day 6,ç¬¬å…­å¤©,NYE ğŸ†,è·¨å¹´å¤œ ğŸ†,Countdown!,å€’æ•¸!,ğŸ’¡ MUST reserve Nikuichi! Shrine crowded after 23:30.,ğŸ’¡ è‚‰ä¸€ä¸€å®šè¦é ç´„ï¼ç¥ç¤¾23:30å¾Œå¾ˆæ“ ,21:00,Rest before countdown,ä¼‘æ¯æº–å‚™è·¨å¹´,Hotel,é£¯åº—,hotel,,,
2025-12-31,Day 6,ç¬¬å…­å¤©,NYE ğŸ†,è·¨å¹´å¤œ ğŸ†,Countdown!,å€’æ•¸!,ğŸ’¡ MUST reserve Nikuichi! Shrine crowded after 23:30.,ğŸ’¡ è‚‰ä¸€ä¸€å®šè¦é ç´„ï¼ç¥ç¤¾23:30å¾Œå¾ˆæ“ ,23:30,NYE at Sumiyoshi Shrine,ä½å‰ç¥ç¤¾è·¨å¹´,Sumiyoshi Shrine,ä½å‰ç¥ç¤¾,shrine,https://www.nihon-kankou.or.jp/fukuoka/402010/detail/40201ag2130013670,Shrine Info,https://maps.google.com/?q=Sumiyoshi+Shrine+Fukuoka
2026-01-01,Day 7,ç¬¬ä¸ƒå¤©,Fly Home ğŸ‘‹,å›å®¶ ğŸ‘‹,Happy New Year!,æ–°å¹´å¿«æ¨‚!,ğŸ’¡ Book taxi night before. 2 hrs before flight.,ğŸ’¡ å‰ä¸€æ™šé ç´„è¨ˆç¨‹è»Š èµ·é£›å‰2å°æ™‚åˆ°æ©Ÿå ´,08:00,Pack & checkout,æ‰“åŒ…é€€æˆ¿,Hotel,é£¯åº—,hotel,,,
2026-01-01,Day 7,ç¬¬ä¸ƒå¤©,Fly Home ğŸ‘‹,å›å®¶ ğŸ‘‹,Happy New Year!,æ–°å¹´å¿«æ¨‚!,ğŸ’¡ Book taxi night before. 2 hrs before flight.,ğŸ’¡ å‰ä¸€æ™šé ç´„è¨ˆç¨‹è»Š èµ·é£›å‰2å°æ™‚åˆ°æ©Ÿå ´,09:30,Taxi to Airport,æ­è¨ˆç¨‹è»Šåˆ°æ©Ÿå ´,Hotel â†’ Fukuoka Airport,é£¯åº— â†’ ç¦å²¡æ©Ÿå ´,taxi,,,https://maps.google.com/?q=Fukuoka+Airport
2026-01-01,Day 7,ç¬¬ä¸ƒå¤©,Fly Home ğŸ‘‹,å›å®¶ ğŸ‘‹,Happy New Year!,æ–°å¹´å¿«æ¨‚!,ğŸ’¡ Book taxi night before. 2 hrs before flight.,ğŸ’¡ å‰ä¸€æ™šé ç´„è¨ˆç¨‹è»Š èµ·é£›å‰2å°æ™‚åˆ°æ©Ÿå ´,10:00,Airport Check-in & Shopping,å ±åˆ° & æœ€å¾Œè³¼ç‰©,Fukuoka Airport International,ç¦å²¡æ©Ÿå ´åœ‹éš›èˆªå»ˆ,shopping,,,https://maps.google.com/?q=Fukuoka+Airport+International+Terminal
2026-01-01,Day 7,ç¬¬ä¸ƒå¤©,Fly Home ğŸ‘‹,å›å®¶ ğŸ‘‹,Happy New Year!,æ–°å¹´å¿«æ¨‚!,ğŸ’¡ Book taxi night before. 2 hrs before flight.,ğŸ’¡ å‰ä¸€æ™šé ç´„è¨ˆç¨‹è»Š èµ·é£›å‰2å°æ™‚åˆ°æ©Ÿå ´,12:00,Flight to Hong Kong,é£›å›é¦™æ¸¯,Fukuoka â†’ Hong Kong,ç¦å²¡ â†’ é¦™æ¸¯,plane,https://www.fukuoka-airport.jp/en/,Airport Info,https://maps.google.com/?q=Fukuoka+Airport
